Novak Djokovic,Serbia,1
Rafael Nadal,Spain,2
Dominic Thiem,Austria,3
Daniil Medvedev,Russian Federation,4
Roger Federer,Switzerland,5
Stefanos Tsitsipas,Greece,6
Alexander Zverev,Germany,7
Andrey Rublev,Russian Federation,8
Diego Sebastian Schwartzman,Argentina,9
Matteo Berrettini,Italy,10
Gael Monfils,France,11
Denis Shapovalov,Canada,12
Roberto Bautista Agut,Spain,13
David Goffin,Belgium,14
Milos Raonic,Canada,15
Pablo Carreno Busta,Spain,16
Fabio Fognini,Italy,17
Stan Wawrinka,Switzerland,18
Grigor Dimitrov,Bulgaria,19
Karen Khachanov,Russian Federation,20
Felix Auger Aliassime,Canada,21
Christian Garin,Chile,22
Alex De Minaur,Australia,23
John Isner,United States,24
Borna Coric,Croatia,25
Dusan Lajovic,Serbia,26
Casper Ruud,Norway,27
Benoit Paire,France,28
Hubert Hurkacz,Poland,29
Taylor Harry Fritz,United States,30
Filip Krajinovic,Serbia,31
Ugo Humbert,France,32
Daniel Evans,United Kingdom,33
Lorenzo Sonego,Italy,34
Adrian Mannarino,France,35
Jannik Sinner,Italy,36
Jan Lennard Struff,Germany,37
John Millman,Australia,38
Nikoloz Basilashvili,Georgia,39
Reilly Opelka,United States,40
Kei Nishikori,Japan,41
Miomir Kecmanovic,Serbia,42
Marin Cilic,Croatia,43
Guido Pella,Argentina,44
Alexander Bublik,Kazakhstan,45
Albert Ramos,Spain,46
Nick Kyrgios,Australia,47
Richard Gasquet,France,48
Kyle Edmund,United Kingdom,49
Tennys Sandgren,United States,50
Sam Querrey,United States,51
Jordan Thompson,Australia,52
Tommy Paul,United States,53
Alejandro Davidovich Fokina,Spain,54
Marton Fucsovics,Hungary,55
Laslo Djere,Serbia,56
Yoshihito Nishioka,Japan,57
Aljaz Bedene,Slovenia,58
Pablo Andujar,Spain,59
Jo Wilfried Tsonga,France,60
Vasek Pospisil,Canada,61
Frances Tiafoe,United States,62
Feliciano Lopez,Spain,63
Gilles Simon,France,64
Fernando Verdasco,Spain,65
Jeremy Chardy,France,66
Cameron Norrie,United Kingdom,67
Dominik Koepfer,Germany,68
Jiri Vesely,Czech Republic,69
Pablo Cuevas,Uruguay,70
Stefano Travaglia,Italy,71
Ricardas Berankis,Lithuania,72
Marcos Giron,United States,73
Lucas Pouille,France,74
Steve Johnson,United States,75
Salvatore Caruso,Italy,76
Federico Delbonis,Argentina,77
Egor Gerasimov,Belarus,78
Marco Cecchinato,Italy,79
Corentin Moutet,France,80
Juan Ignacio Londero,Argentina,81
Kevin Anderson,South Africa,82
Thiago Monteiro,Brazil,83
Pierre Hugues Herbert,France,84
Radu Albot,"Moldova, Republic of",85
Emil Ruusuvuori,Finland,86
Pedro Martinez Portero,Spain,87
Sebastian Korda,United States,88
Norbert Gombos,Slovakia,89
Mikhail Kukushkin,Kazakhstan,90
Lloyd George Muirhead Harris,South Africa,91
Federico Coria,Argentina,92
Joao Sousa,Portugal,93
Attila Balazs,Hungary,94
Mikael Ymer,Sweden,95
Gianluca Mager,Italy,96
Soon Woo Kwon,"Korea, Republic of",97
Roberto Carballes Baena,Spain,98
Philipp Kohlschreiber,Germany,99
Dennis Novak,Austria,100
Yannick Hanfmann,Germany,101
Andrej Martin,Slovakia,102
Jaume Munar,Spain,103
Yuichi Sugita,Japan,104
James Duckworth,Australia,105
Yasutaka Uchiyama,Japan,106
Andreas Seppi,Italy,107
Pedro Sousa,Portugal,108
Kamil Majchrzak,Poland,109
Ilya Ivashka,Belarus,110
Gregoire Barrere,France,111
Hugo Dellien,"Bolivia, Plurinational State of",112
Aslan Karatsev,Russian Federation,113
Alexei Popyrin,Australia,114
Daniel Elahi Galan Riveros,Colombia,115
Denis Kudla,United States,116
Taro Daniel,Japan,117
Thiago Seyboth Wild,Brazil,118
Antonie Hoang,France,119
Damir Dzumhur,Bosnia and Herzegovina,120
Christopher Oconnell,Australia,121
Lorenzo Musetti,Italy,122
Evgeny Donskoy,Russian Federation,123
Andy Murray,United Kingdom,124
Marc Polmans,Australia,125
Jozef Kovalik,Slovakia,126
Facundo Bagnis,Argentina,127
Cedrik Marcel Stebe,Germany,128
Jeffrey John Wolf,United States,129
Prajnesh Gunneswaran,India,130
Go Soeda,Japan,131
Daniel Altmaier,Germany,132
Jason Jung,"Taiwan, Province of China",133
Benjamin Bonzi,France,134
Arthur Rinderknech,France,135
Henri Laaksonen,Switzerland,136
Leonardo Mayer,Argentina,137
Federico Gaio,Italy,138
Sumit Nagal,India,139
Nikola Milojevic,Serbia,140
Francisco Cerundolo,Argentina,141
Oscar Otte,Germany,142
Marc Andrea Huesler,Switzerland,143
Carlos Taberner,Spain,144
Ivo Karlovic,Croatia,145
Carlos Alcaraz Garfia,Spain,146
Mohamed Safwat,Egypt,147
Jurij Rodionov,Austria,148
Danilo Petrovic,Serbia,149
Paolo Lorenzi,Italy,150
Peter Gojowczyk,Germany,151
Bradley Klahn,United States,152
Bernabe Zapata Miralles,Spain,153
Lorenzo Giustino,Italy,154
Tallon Griekspoor,Netherlands,155
Martin Klizan,Slovakia,156
Brandon Nakashima,United States,157
Blaz Rola,Slovenia,158
Botic Van De Zandschulp,Netherlands,159
Juan Martin Del Potro,Argentina,160
Juan Pablo Varillas Patino Samudio,Peru,161
Sebastian Ofner,Austria,162
Filip Horansky,Slovakia,163
Emilio Gomez,Ecuador,164
Alessandro Giannessi,Italy,165
Hugo Gaston,France,166
Hyeon Chung,"Korea, Republic of",167
Dmitry Popko,Kazakhstan,168
Guido Andreozzi,Argentina,169
Alejandro Tabilo,Chile,170
Maxime Cressy,France,171
Zhizhen Zhang,China,172
Yannick Maden,Germany,173
Alex Bolt,Australia,174
Thomas Fabbiano,Italy,175
Joao Domingues,Portugal,176
Michael Mmoh,United States,177
Kimmer Coppejans,Belgium,178
Marcel Granollers,Spain,179
Steven Diez,Canada,180
Roberto Marcora,Italy,181
Roman Safiullin,Russian Federation,182
Denis Istomin,Uzbekistan,183
Frederico Ferreira Silva,Portugal,184
Ernests Gulbis,Latvia,185
Joao Lucas Magalhaes Hueb De Menezes,Brazil,186
Ramkumar Ramanathan,India,187
Mario Vilella Martinez,Spain,188
Liam Broady,United Kingdom,189
Jay Clarke,United Kingdom,190
Tatsuma Ito,Japan,191
Mitchell Krueger,United States,192
Mikael Torpegaard,Denmark,193
Mackenzie Mcdonald,United States,194
Aleksandar Vukic,Australia,195
Lukas Rosol,Czech Republic,196
Tomas Machac,Czech Republic,197
Robin Haase,Netherlands,198
Ernesto Escobedo,United States,199
Lukas Lacko,Slovakia,200
Sergiy Stakhovsky,Ukraine,201
Viktor Troicki,Serbia,202
Andrea Collarini,Argentina,203
Elias Ymer,Sweden,204
Juan Pablo Ficovich,Argentina,205
Quentin Halys,France,206
Maximilian Marterer,Germany,207
Brayden Schnur,Canada,208
Alexandre Muller,France,209
Enzo Couacaud,France,210
Illya Marchenko,Ukraine,211
Maxime Janvier,France,212
Mathias Bourgue,France,213
Cem Ilkel,Turkey,214
Tommy Robredo,Spain,215
Renzo Olivo,Argentina,216
Thai Son Kwiatkowski,United States,217
Marius Copil,Romania,218
Rudolf Molleker,Germany,219
Peter Polansky,Canada,220
Constant Lestienne,France,221
Roberto Cid,Dominican Republic,222
Matteo Viola,Italy,223
Elliot Benchetrit,France,224
Guillermo Garcia Lopez,Spain,225
Borna Gojo,Croatia,226
Zdenek Kolar,Czech Republic,227
Ruben Bemelmans,Belgium,228
Bernard Tomic,Australia,229
Gian Marco Moroni,Italy,230
Felipe Meligeni Rodrigues Alves,Brazil,231
Andrew Harris,Australia,232
Dudi Sela,Israel,233
Zhe Li,China,234
Tobias Kamke,Germany,235
Christopher Eubanks,United States,236
Facundo Mena,Argentina,237
Max Purcell,Australia,238
Nicolas Mahut,France,239
Nicola Kuhn,Spain,240
Hiroki Moriya,Japan,241
Hugo Grenier,France,242
Kacper Zuk,Poland,243
Filippo Baldi,Italy,244
Tristan Lamasine,France,245
Daniel Masur,Germany,246
Tomas Martin Etcheverry,Argentina,247
Marco Trungelliti,Argentina,248
Alexey Vatutin,Russian Federation,249
Julian Lenz,Germany,250
Tung Lin Wu,"Taiwan, Province of China",251
Ulises Blanch,United States,252
Roberto Quiroz,Ecuador,253
Mats Moraing,Germany,254
Malek Jaziri,Tunisia,255
Blaz Kavcic,Slovenia,256
Noah Rubin,United States,257
Yosuke Watanuki,Japan,258
Marcelo Tomas Barrios Vera,Chile,259
Jack Sock,United States,260
Bjorn Fratangelo,United States,261
Pavel Kotov,Russian Federation,262
Yan Bai,China,263
Evgeny Karlovskiy,Russian Federation,264
Jason Kubler,Australia,265
Thanasi Kokkinakis,Australia,266
Dustin Brown,Germany,267
Janko Tipsarevic,Serbia,268
Mischa Zverev,Germany,269
Pedja Krstin,Serbia,270
Guilherme Clezar,Brazil,271
Andrea Arnaboldi,Italy,272
Ji Sung Nam,"Korea, Republic of",273
Adrian Menendez Maceiras,Spain,274
Matthias Bachinger,Germany,275
Akira Santillan,Australia,276
Steve Darcis,Belgium,277
Dimitar Kuzmanov,Bulgaria,278
Teymuraz Gabashvili,Russian Federation,279
Stefano Napolitano,Italy,280
Andrea Pellegrino,Italy,281
Duck Hee Lee,"Korea, Republic of",282
Chun Hsin Tseng,"Taiwan, Province of China",283
Thomaz Bellucci,Brazil,284
Viktor Galovic,Italy,285
Geoffrey Blancaneaux,France,286
Goncalo Oliveira,Portugal,287
Igor Sijsling,Netherlands,288
Shuichi Sekiguchi,Japan,289
Riccardo Bonadio,Italy,290
Darian King,Barbados,291
Pedro Sakamoto,Brazil,292
Roberto Ortega Olmedo,Spain,293
Nino Serdarusic,Croatia,294
James Ward,United Kingdom,295
Vit Kopriva,Czech Republic,296
Lukas Klein,Slovakia,297
Alexander Ritschard,Switzerland,298
Altug Celikbilek,Turkey,299
Jc Aragone,United States,300
Kevin King,United States,301
Duje Ajdukovic,Croatia,302
Michael Vrbensky,Czech Republic,303
Alex Molcan,Slovakia,304
Sasi Kumar Mukund,India,305
Manuel Guinard,France,306
Jesper De Jong,Netherlands,307
Lucas Miedler,Austria,308
Jack Draper,United Kingdom,309
Johannes Haerteis,Germany,310
Orlando Luz,Brazil,311
Sebastian Baez,Argentina,312
Kaichi Uchida,Japan,313
Jenson Brooksby,United States,314
Andrea Vavassori,Italy,315
Donald Young,United States,316
Javier Barranco Cosano,Spain,317
John Patrick Smith,Australia,318
Jose Hernandez,Dominican Republic,319
Matthew Ebden,Australia,320
Santiago Giraldo,Colombia,321
Christian Lindell,Sweden,322
Di Wu,China,323
Harry Bourchier,Australia,324
Shintaro Imai,Japan,325
Julian Ocleppo,Italy,326
Oriol Roca Batalla,Spain,327
Giulio Zeppieri,Italy,328
Mirza Basic,Bosnia and Herzegovina,329
Khumoun Sultanov,Uzbekistan,330
Uladzimir Ignatik,Belarus,331
Juan Manuel Cerundolo,Argentina,332
Aleksandr Nedovyesov,Kazakhstan,333
Markus Eriksson,Sweden,334
Corentin Denolly,France,335
Yuta Shimizu,Japan,336
Jelle Sels,Netherlands,337
Jeremy Jahn,Germany,338
Matija Pecotic,Croatia,339
Arthur De Greef,Belgium,340
Viktor Durasovic,Norway,341
Vaclav Safranek,Czech Republic,342
Ivan Nedelko,Russian Federation,343
Nicolas Alvarez,Peru,344
Christian Harrison,United States,345
Dayne Kelly,Australia,346
Tim Van Rijthoven,Netherlands,347
Sekou Bangoura,United States,348
Camilo Ugo Carabelli,Argentina,349
Alessandro Bega,Italy,350
Vladyslav Orlov,Ukraine,351
Jan Choinski,Germany,352
Konstantin Kravchuk,Russian Federation,353
Peter Torebko,Germany,354
Jiri Lehecka,Czech Republic,355
Nikolas Sanchez Izquierdo,Spain,356
Skander Mansouri,Tunisia,357
Maxime Hamou,France,358
Carlos Gomez Herrera,Spain,359
Baptiste Crepatte,France,360
Facundo Arguello,Argentina,361
Jan Satral,Czech Republic,362
Jules Okala,France,363
Pablo Vivero Gonzalez,Spain,364
Yunseong Chung,"Korea, Republic of",365
Filip Peliwo,Canada,366
Jonas Forejtek,Czech Republic,367
Pedro Cachin,Argentina,368
Tsung Hua Yang,"Taiwan, Province of China",369
Benjamin Hassan,Germany,370
Nerman Fatic,Bosnia and Herzegovina,371
Michael Redlicki,United States,372
Luke Saville,Australia,373
Edan Leshem,Israel,374
Stefan Kozlov,United States,375
Raul Brancaccio,Italy,376
Sandro Ehrat,Switzerland,377
Hernan Casanova,Argentina,378
Ryan Peniston,United Kingdom,379
Aziz Dougaz,Tunisia,380
Denis Yevseyev,Kazakhstan,381
Jeroen Vanneste,Belgium,382
Laurent Lokoli,France,383
Ergi Kirkin,Turkey,384
Thiago Agustin Tirante,Argentina,385
Rayane Roumane,France,386
Diego Hidalgo,Ecuador,387
Filip Cristian Jianu,Romania,388
Agustin Velotti,Argentina,389
Michael Geerts,Belgium,390
Antoine Escoffier,France,391
Dan Added,France,392
Daniel Nguyen,United States,393
Karim Mohamed Maamoun,Egypt,394
Sadio Doumbia,France,395
Nuno Borges,Portugal,396
Brydan Klein,Australia,397
Carlos Gimeno Valero,Spain,398
Facundo Diaz Acosta,Argentina,399
Petros Chrysochos,Cyprus,400
Collin Altamirano,United States,401
Vitaliy Sachko,Ukraine,402
Evan Furness,France,403
Tobias Simon,Germany,404
Fabrizio Ornago,Italy,405
Fajing Sun,China,406
Raymond Sarmiento,United States,407
Adam Pavlasek,Czech Republic,408
Christopher Heyman,Belgium,409
Oscar Jose Gutierrez,Brazil,410
Nick Chappell,United States,411
Maxime Chazal,France,412
Gianluigi Quinzi,Italy,413
Gonzalo Villanueva,Argentina,414
Peter Heller,Germany,415
Genaro Alberto Olivieri,Argentina,416
Rio Noguchi,Japan,417
Gastao Elias,Portugal,418
Adrian Andreev,Bulgaria,419
Yshai Oliel,Israel,420
Ronald Slobodchikov,Russian Federation,421
Matteo Martineau,France,422
Evgeny Tyurnev,Russian Federation,423
Alexey Zakharov,Russian Federation,424
Ze Zhang,China,425
Sebastian Fanselow,Germany,426
Eduardo Struvay,Colombia,427
Holger Vitus Nodskov Rune,Denmark,428
Lucas Catarina,Monaco,429
Laurynas Grigelis,Lithuania,430
Zizou Bergs,Belgium,431
Artem Dubrivnyy,Russian Federation,432
Bogdan Bobrov,Russian Federation,433
Evan King,United States,434
Daniel Michalski,Poland,435
Francesco Forti,Italy,436
Manuel Pena Lopez,Argentina,437
Harold Mayot,France,438
Alexander Sarkissian,United States,439
Antoine Cornut Chauvinc,France,440
Martins Podzus,Latvia,441
Gonzalo Escobar,Ecuador,442
Zsombor Piros,Hungary,443
Yusuke Takahashi,Japan,444
Patrik Niklas Salminen,Finland,445
Benjamin Lock,Zimbabwe,446
Liam Caruana,United States,447
Daniel Gimeno Traver,Spain,448
Enrico Dalla Valle,Italy,449
Timofey Skatov,Russian Federation,450
Alexander Erler,Austria,451
Marcelo Arevalo,El Salvador,452
Alejandro Gonzalez,Colombia,453
Rogerio Dutra Silva,Brazil,454
Saketh Myneni,India,455
Luca Vanni,Italy,456
Marko Tepavac,Serbia,457
Bruno Santanna,Brazil,458
Lucas Gerch,Germany,459
Nicolas Mejia,Colombia,460
Louis Wessels,Germany,461
Michail Pervolarakis,Cyprus,462
Alen Avidzba,Russian Federation,463
Mathieu Perchicot,France,464
Ricardo Ojeda Lara,Spain,465
Gijs Brouwer,Netherlands,466
Robert Quentin,France,467
Sidharth Rawat,India,468
Calvin Hemery,France,469
Makoto Ochi,Japan,470
David Poljak,Czech Republic,471
Marek Gengel,Czech Republic,472
Sho Shimabukuro,Japan,473
Miljan Zekic,Serbia,474
David Pichler,Austria,475
Alex Rybakov,United States,476
Evan Hoyt,United Kingdom,477
Johan Nikles,Switzerland,478
Eduard Esteve Lobato,Spain,479
Gage Brymer,United States,480
Blake Mott,Australia,481
Danylo Kalenichenko,Ukraine,482
Yannick Mertens,Belgium,483
Ryan Harrison,United States,484
Hugo Nys,Monaco,485
Johan Sebastien Tatlot,France,486
Lloyd Glasspool,United Kingdom,487
Mircea Alexandru Jecan,Romania,488
Strong Kirchheimer,United States,489
Pol Toledo Bague,Spain,490
Martin Cuevas,Uruguay,491
Jacopo Berrettini,Italy,492
Aldin Setkic,Bosnia and Herzegovina,493
Thomas Laurent,France,494
Renta Tokuda,Japan,495
Alvaro Lopez San Martin,Spain,496
Yu Hsiou Hsu,"Taiwan, Province of China",497
Ivan Gakhov,Russian Federation,498
Elmar Ejupovic,Bosnia and Herzegovina,499
Adam Moundir,Switzerland,500
Cristian Rodriguez,Colombia,501
Marko Miladinovic,Serbia,502
Pavel Nejedly,Czech Republic,503
Jacob Grills,Australia,504
Jerzy Janowicz,Poland,505
Andres Artunedo Martinavarr,Spain,506
Frederico Gil,Portugal,507
Rafael Matos,Brazil,508
Maximiliano Estevez,Argentina,509
Pol Martin Tiffon,Spain,510
Simone Bolelli,Italy,511
Tim Smyczek,United States,512
Sanjar Fayziev,Uzbekistan,513
Jumpei Yamasaki,Japan,514
Felix Corwin,United States,515
Alexis Galarneau,Canada,516
Antoine Bellier,Switzerland,517
Jordi Arconada,Argentina,518
Giovanni Fonio,Italy,519
Nick Hardt,Dominican Republic,520
Andrey Kuznetsov,Russian Federation,521
Inigo Cervantes Huegun,Spain,522
Evan Song,United States,523
Riccardo Balzerani,Italy,524
Jorge Brian Panta Herreros,Peru,525
Wilson Leite,Brazil,526
Paul Jubb,United Kingdom,527
Alejandro Gomez Gb42,Colombia,528
Maverick Banes,Australia,529
Mariano Kestelboim,Argentina,530
Gabriel Petit,France,531
Mick Veldheer,Netherlands,532
Carlos Boluda Purkiss,Spain,533
Matias Zukas,Argentina,534
Aleksandar Kovacevic,United States,535
Nicholas David Ionel,Romania,536
Fabian Marozsan,Hungary,537
Martin Redlicki,United States,538
Ricardo Rodriguez,"Venezuela, Bolivarian Republic of",539
Santiago Fa Rodriguez Taverna,Argentina,540
Kyrian Jacquet,France,541
Marco Bortolotti,Italy,542
Alexander Zhurbin,Russian Federation,543
Alexander Shevchenko,Russian Federation,544
Mateus De Carvalho Cardoso Alves,Brazil,545
Vladyslav Manafov,Ukraine,546
Nicolas Alvarez Varona,Spain,547
Georgii Kravchenko,Ukraine,548
Alexandar Lazarov,Bulgaria,549
Matias Franco Descotte,Argentina,550
Simon Carr,Ireland,551
Tiago Cacao,Portugal,552
Lucas Poullain,France,553
Jordan Correia Passos Do Carmo,Brazil,554
Bastian Malla,Chile,555
Seong Chan Hong,"Korea, Republic of",556
Gerardo Lopez Villasenor,Mexico,557
Oleksii Krutykh,Ukraine,558
Erik Crepaldi,Italy,559
Peter Nagy,Hungary,560
Roy Smith,United States,561
Thomas Fancutt,Australia,562
Jaume Pla Malfeito,Spain,563
Aidan Mchugh,United Kingdom,564
Anton Matusevich,United Kingdom,565
Joao Lucas Reis Da Silva,Brazil,566
Jurgen Zopp,Estonia,567
Juan Ignacio Galarza,Argentina,568
Takanyi Garanganga,Zimbabwe,569
Daniel Dutra Da Silva,Brazil,570
Marvin Netuschil,Germany,571
Federico Zeballos,"Bolivia, Plurinational State of",572
Marsel Ilhan,Turkey,573
Alexis Gautier,France,574
Mats Rosenkranz,Germany,575
Mate Valkusz,Hungary,576
Juan Pablo Paz,Argentina,577
Fermin Tenti,Argentina,578
Brandon Holt,United States,579
Vasil Kirkov,United States,580
Ben Fatael,Israel,581
Jonathan Mridha,Sweden,582
Facundo Juarez,Argentina,583
Adam El Mihdawy,United States,584
Christian Langmo,United States,585
Gilbert Soares Klier Junior,Brazil,586
Savriyan Danilov,Russian Federation,587
Mauricio Echazu,Peru,588
Arnaud Bovy,Belgium,589
Tom Jomby,France,590
Arthur Reymond,France,591
Nicolas Alberto Arreche,Argentina,592
Carlos Sanchez Jover,Spain,593
Dusty H Boyer,United States,594
Jose Fco Vidal Azorin,Spain,595
Andrea Basso,Italy,596
Nicolas Moreno De Alboran,Spain,597
Alexander Donski,Canada,598
Aleksandre Metreveli,Georgia,599
Takuto Niki,Japan,600
Imanol Lopez Morillo,Spain,601
Daniele Capecchi,Italy,602
Kai Wehnelt,Germany,603
Harri Heliovaara,Finland,604
Gleb Sakharov,France,605
Matthew Christopher Romios,Australia,606
Ryota Tanuma,Japan,607
Mykyta Mashtakov,Ukraine,608
Tomas Lipovsek Puches,Argentina,609
Pedro Vives Marcos,Spain,610
Marvin Moeller,Germany,611
Franco Agamenone,Argentina,612
Djurabek Karimov,Uzbekistan,613
Evan Zhu,United States,614
Petr Nouza,Czech Republic,615
Jean Thirouin,United States,616
Otto Virtanen,Finland,617
Tak Khunn Wang,France,618
Eric Vanshelboim,Ukraine,619
Mark Whitehouse,United Kingdom,620
Sergey Fomin,Uzbekistan,621
Oliver Crawford,United States,622
Tomislav Brkic,Bosnia and Herzegovina,623
Jonathan Eysseric,France,624
Sam Riffice,United States,625
John Mcnally,United States,626
Clement Geens,Belgium,627
Yuki Mochiduki,Japan,628
Jie Cui,China,629
Luca Giacomini,Italy,630
Emiliano Maggioli,Italy,631
Kristjan Tamm,Estonia,632
Alexandr Igoshin,Russian Federation,633
Benjamin Sigouin,Canada,634
Wojciech Marek,Poland,635
Yecong He,China,636
Robin Stanek,Czech Republic,637
Shintaro Mochizuki,Japan,638
Lenny Hampel,Austria,639
Alexis Musialek,France,640
Alexander Weis,Italy,641
Naoki Tajima,Japan,642
Axel Geller,Argentina,643
Constantin Schmitz,Germany,644
Michal Dembek,Poland,645
Davide Galoppini,Italy,646
Juan Sebastian Gomez,Colombia,647
Ruan Roelofse,South Africa,648
Pietro Rondoni,Italy,649
Maximilian Neuchrist,Austria,650
Wishaya Trongcharoenchaikul,Thailand,651
Kenny De Schepper,France,652
Marat Deviatiarov,Ukraine,653
Clement Tabur,France,654
Kevin Krawietz,Germany,655
Lamine Ouahab,Algeria,656
Ryan Shane,United States,657
Gauthier Onclin,Belgium,658
Dimitriy Voronin,Russian Federation,659
Simone Roncalli,Italy,660
Valentin Royer,France,661
Jaroslav Pospisil,Czech Republic,662
Adrian Obert,Germany,663
Yan Bondarevskiy,Russian Federation,664
Kelsey Stevenson,Canada,665
Manish Sureshkumar,India,666
Denys Klok,Ukraine,667
Arjun Kadhe,India,668
Patrik Rikl,Czech Republic,669
Emilio Nava,United States,670
Joao Pedro Sorgi,Brazil,671
Fabien Reboul,France,672
Robert Strombachs,Germany,673
Alexander Crnokrak,Australia,674
Ronan Joncour,France,675
Jakub Paul,Switzerland,676
Dennis Uspensky,United States,677
Benjamin Dhoe,Belgium,678
Andrey Chepelev,Russian Federation,679
Patrick Kypson,United States,680
Pablo Llamas Ruiz,Spain,681
Matheus Pucinelli De Almeida,Brazil,682
Dragos Nicolae Madaras,Romania,683
Quentin Folliot,France,684
Luke Johnson,United Kingdom,685
Kento Takeuchi,Japan,686
Cayetano March,Ecuador,687
Alexander Brown,United States,688
Thiemo De Bakker,Netherlands,689
Rinky Hijikata,Australia,690
Billy Harris,United Kingdom,691
Naoki Nakagawa,Japan,692
Simon Freund,Sweden,693
Justin Butsch,United States,694
Michal Konecny,Czech Republic,695
Moez Chargui,Tunisia,696
Karl Friberg,Sweden,697
Guido Ivan Justo,Argentina,698
Carlos Lopez Montagud,Spain,699
Artem Smirnov,Ukraine,700
Gustav Hansson,Sweden,701
Scott Griekspoor,Netherlands,702
Nathan Ponwith,United States,703
Runhao Hua,China,704
Calum Puttergill,Australia,705
Niels Lootsma,Netherlands,706
Giorgio Ricca,Italy,707
Austin Rapp,United States,708
Ryan Nijboer,Netherlands,709
Maxime Tchoutakian,France,710
Francesco Vilardo,Italy,711
Nam Hoang Ly,Viet Nam,712
Stuart Parker,United Kingdom,713
Boris Pokotilov,Russian Federation,714
Ivan Davydov,Russian Federation,715
Kirill Kivattsev,Russian Federation,716
Vladimir Ivanov,Estonia,717
Luca Castelnuovo,Switzerland,718
Benjamin Winter Lopez,Spain,719
Ante Pavic,Croatia,720
Stefan Seifert,Germany,721
Zeke Clark,United States,722
Alejo Lorenzo Lingua Lavallen,Argentina,723
Dominik Boehler,Germany,724
Shalva Dzhanashia,Russian Federation,725
Connor Farren,United States,726
Ignacio Monzon,Argentina,727
Daniel Brands,Germany,728
Keegan Smith,United States,729
Govind Nanda,United States,730
Gregoire Jacq,France,731
Luca Potenza,Italy,732
Peter Kobelt,United States,733
Gonzalo Lama,Chile,734
Tom Kocevar Desman,Slovenia,735
Nik Razborsek,Slovenia,736
Jonathan Gray,United Kingdom,737
Markos Kalovelonis,Greece,738
Colin Sinclair,Australia,739
Omar Giacalone,Italy,740
Arthur Cazaux,France,741
Jaimee Floyd Angele,France,742
Michel Vernier,Chile,743
Filip Bergevi,Sweden,744
Francisco Comesana,Argentina,745
Brandon Walkin,Australia,746
Paul Woerner,Germany,747
Oleg Prihodko,Ukraine,748
Benjamin Pietri,France,749
Jared Donaldson,United States,750
Sergio Gutierrez Ferrol,Spain,751
Remy Bertola,Switzerland,752
Toby Alex Kodat,United States,753
Alec Adamson,United States,754
Maxim Ratniuk,Ukraine,755
Alexander Cozbinov,"Moldova, Republic of",756
Lorenzo Bocchi,Italy,757
Alessandro Petrone,Italy,758
Conner Huertas Del Pino,Peru,759
Aziz Ouakaa,Tunisia,760
Hady Habib,Lebanon,761
Kuan Yi Lee,"Taiwan, Province of China",762
Andrew Paulson,Czech Republic,763
Guy Orly Iradukunda,Burundi,764
Ljubomir Celebic,Montenegro,765
Andrea Guerrieri,Italy,766
Dennis Novikov,United States,767
Mariano Navone,Argentina,768
Marco Miceli,Italy,769
Bogdan Ionut Apostol,Romania,770
Kristian Lozan,Russian Federation,771
Riccardo Maiga,Switzerland,772
Chien Hsun Lo,"Taiwan, Province of China",773
Dragos Dima,Romania,774
Sebastian Prechtel,Germany,775
Albert Alcaraz Ivorra,Spain,776
Laurent Rochette,France,777
Henry Craig,United States,778
Andrey Golubev,Kazakhstan,779
Titouan Droguet,France,780
Harrison Adams,United States,781
Zachary Svajda,United States,782
Nicolae Frunza,Romania,783
Mehluli Don Ayanda Sibanda,Zimbabwe,784
Jose Olivares,Dominican Republic,785
Guy Den Heijer,Netherlands,786
Dan Alexandru Tomescu,Romania,787
Louis Tessa,France,788
Simon Yitbarek,Sweden,789
Bart Stevens,Netherlands,790
Alex Marti Pujolras,Spain,791
Nicolo Turchetti,Italy,792
Daniel Cukierman,Israel,793
Luca Nardi,Italy,794
Gianluca Di Nicola,Italy,795
Juan Bautista Otegui,Argentina,796
Dane Sweeny,Australia,797
Alibek Kachmazov,Russian Federation,798
Jonas Trinker,Austria,799
David Perez Sanz,Spain,800
David Jorda Sanchis,Spain,801
Damien Wenger,Switzerland,802
Luis Faria,Brazil,803
Toshihide Matsui,Japan,804
Aziz Kijametovic,Bosnia and Herzegovina,805
Tigre Hank,Mexico,806
Franco Emanuel Egea,Argentina,807
Joshua Ortlip,United States,808
Nicolas Barrientos,Colombia,809
Taisei Ichikawa,Japan,810
Sandro Kopp,Austria,811
Alberto Barroso Campos,Spain,812
Matteo Donati,Italy,813
Javier Marti,Spain,814
Justin Roberts,Bahamas,815
Gergely Madarasz,Hungary,816
Hiroyasu Ehara,Japan,817
Petr Michnev,Czech Republic,818
Mwendwa Mbithi,United States,819
Takashi Saito,Japan,820
Soichiro Moritani,Japan,821
Kenneth Raisma,Estonia,822
Federico Iannaccone,Italy,823
Yan Sabanin,Russian Federation,824
Tomas Jirousek,Czech Republic,825
Ondrej Krstev,Czech Republic,826
Peter Bothwell,Ireland,827
Majed Kilani,Tunisia,828
Grigoriy Lomakin,Kazakhstan,829
Alejandro Mendoza,"Bolivia, Plurinational State of",830
Igor Ribeiro Marcondes,Brazil,831
Ye Cong Mo,China,832
Jan Zielinski,Poland,833
Cezar Cretu,Romania,834
Peter Bertran,Dominican Republic,835
Julius Tverijonas,Lithuania,836
Chukang Wang,China,837
Zane Khan,United States,838
Calin Manda,Romania,839
Gabriele Maria Noce,Italy,840
Yurii Dzhavakian,Ukraine,841
Max Houkes,Netherlands,842
Jules Marie,France,843
Tristan Schoolkate,Australia,844
Niki Kaliyanda Poonacha,India,845
Paul Oosterbaan,United States,846
Cheong Eui Kim,"Korea, Republic of",847
Dalibor Svrcina,Czech Republic,848
Alessandro Ingarao,Italy,849
Anas Fattar,Morocco,850
Daniil Glinka,Estonia,851
Stefano Battaglino,Italy,852
Alexander Lebedev,United States,853
Luca Prevosto,Italy,854
Aryan Goveas,India,855
Carl Soderlund,Sweden,856
Manuel Sanchez,Mexico,857
Bradley Mousley,Australia,858
Martin Beran,Canada,859
Nathan Seateun,France,860
Lorenzo Frigerio,Italy,861
Pawel Cias,Poland,862
Juan Bautista Torres,Argentina,863
Sem Verbeek,Netherlands,864
Shinji Hazawa,Japan,865
Martin Damm,Czech Republic,866
Joao Monteiro,Portugal,867
Gerard Granollers,Spain,868
Andrew Watson,United Kingdom,869
Matvey Khomentovskiy,Russian Federation,870
Duje Kekez,Croatia,871
Tadeas Paroulek,Czech Republic,872
Federico Arnaboldi,Italy,873
David Volfson,Canada,874
Yanki Erel,Turkey,875
Juan Alejandro Hernandez Serrano,Mexico,876
Haru Inoue,Japan,877
Alexander Vasilenko,Russian Federation,878
San Hui Sin,"Korea, Republic of",879
Matteo Gigante,Italy,880
Flavio Cobolli,Italy,881
Liam Draxl,Canada,882
Vlad Andrei Dancu,Romania,883
Gabriel Alejandro Hidalgo,Argentina,884
Alfredo Perez,United States,885
Christoph Negritu,Germany,886
Kazuki Nishiwaki,Japan,887
Sarp Agabigun,Turkey,888
Ivan Liutarevich,Belarus,889
Tsung Hao Huang,"Taiwan, Province of China",890
Vladimir Korolev,Russian Federation,891
Michiel De Krom,Netherlands,892
George Tsivadze,Georgia,892
Xin Gao,China,894
Toby Martin,United Kingdom,895
Ignacio Carou,Argentina,896
Yibing Wu,China,897
Matias Soto,Chile,898
Victor Estrella,Dominican Republic,899
Justin Eleveld,Netherlands,900
Gengo Kikuchi,Japan,901
Aleksandre Bakshi,Georgia,902
Leandro Riedi,Switzerland,903
Stephane Robert,France,904
Jack Findel Hawkins,United Kingdom,905
Raphael Baltensperger,Switzerland,906
Cengiz Aksu,Turkey,907
Sora Fukuda,Japan,908
Olukayode Alafia Damina Ayeni,United States,909
Pierre Delage,France,910
Ugo Blanchet,France,911
Rhett Purcell,United Kingdom,912
Julian Bradley,Ireland,913
Mikhail Fufygin,Russian Federation,914
Dominik Palan,Czech Republic,915
Anis Ghorbel,Tunisia,916
Matej Sabanov,Croatia,917
Abhinav Sanjeev Shanmugam,India,918
Vlad Victor Cornea,Romania,919
Taha Baadi,Canada,920
Zachary Eisinga,Netherlands,921
Cannon Kingsley,United States,922
Antonio Massara,Italy,923
Rishab Agarwal,India,924
Giacomo Dambrosi,Italy,925
Hong Kit Jack Wong,Hong Kong,926
Dostanbek Tashbulatov,Kazakhstan,927
Cheng Yu Yu,"Taiwan, Province of China",928
Stefan Palosi,Romania,929
Yuanfeng Li,China,930
Louis Dussin,France,931
Niklas Guttau,Germany,932
Albano Olivetti,France,933
Albert Roglan,Spain,934
Sidane Pontjodikromo,Netherlands,935
Sergi Perez Contri,Spain,936
Daniel Rodrigues,Portugal,937
Garrett Johns,United States,938
Ryan James Storrie,United Kingdom,939
Luciano Darderi,Italy,940
Julien Cagnina,Belgium,941
Timo Stodder,Germany,942
Sumit Sarkar,United States,943
Jung Woong Na,"Korea, Republic of",944
Christian Samuelsson,Sweden,945
Gianni Mina,France,946
Jacob Dunbar,United States,948
Alan Kohen,Argentina,949
Marco Brugnerotto,Italy,950
George Loffhagen,United Kingdom,951
Ajeet Rai,New Zealand,952
Koray Kirci,Turkey,953
Valentin Guenther,Germany,954
Matvey Minin,Russian Federation,955
Hugo Schott,France,956
Alex Blumenberg,Brazil,957
Simon Anthony Ivanov,Bulgaria,958
Timur Kiuamov,Russian Federation,959
Petros Tsitsipas,Greece,960
Vincent Millot,France,961
Pascal Meis,Germany,962
Pierre Faivre,France,963
Uisung Park,"Korea, Republic of",964
Mattia Bellucci,Italy,965
Pak Long Yeung,Hong Kong,966
Marius Ruzgas,Sweden,967
Saidalo Saidkarimov,Uzbekistan,968
Luca Gelhardt,Germany,969
Franco Feitt,Argentina,970
Blake Ellis,Australia,971
Simon Beaupain,Belgium,972
Maxime Mora,France,973
Maxime Pauwels,Belgium,974
Luis Patino,Mexico,975
Mirko Martinez,Switzerland,976
Samuele Ramazzotti,Italy,977
Niels Visker,Netherlands,978
Peter Fajta,Hungary,979
Andrea Bolla,Italy,980
Vadym Ursu,Ukraine,981
Maciej Rajski,Poland,982
Justin Boulais,Canada,983
Francesco Passaro,Italy,984
Chuhan Wang,China,985
Oleksandr Ovcharenko,Ukraine,986
Filip Misolic,Austria,987
Yaraslau Shyla,Belarus,988
Rimpei Kawakami,Japan,989
Luka Pavlovic,France,990
William Bushamuka,"Congo, the Democratic Republic of the",991
Luca Tomasetto,Italy,992
Matyas Fuele,Hungary,993
Bart Van Den Berg,Netherlands,994
S D Prajwal Dev,India,995
Kalman L Boyd,United States,996
Dhruv Sunish,India,997
Harry Thursfield,United Kingdom,998
Gabriel Donev,Bulgaria,999
Tristan Boyer,United States,1000
Petr Hajek,Czech Republic,1001
